wavelength,0.2 c,0.4 c,0.6 c,0.8 c,1.0 c
800.00,0.003365,0.007921,0.011018,0.017220,0.021943
799.00,0.001920,0.006990,0.011477,0.017560,0.021419
798.00,0.002932,0.007972,0.011125,0.017032,0.022223
797.00,0.003824,0.009047,0.012490,0.017350,0.022816
796.00,0.003761,0.009123,0.012800,0.019330,0.023599
795.00,0.003513,0.008557,0.013100,0.017752,0.023441
794.00,0.004509,0.009286,0.013428,0.019149,0.023887
793.00,0.004426,0.008595,0.014395,0.020501,0.025287
792.00,0.005023,0.009602,0.013746,0.021108,0.026434
791.00,0.004370,0.010547,0.014067,0.021243,0.025548
790.00,0.004487,0.009739,0.014842,0.020332,0.026675
789.00,0.004482,0.010057,0.015406,0.022348,0.026995
788.00,0.005491,0.011108,0.015634,0.021305,0.029232
787.00,0.005212,0.011792,0.015612,0.024047,0.028647
786.00,0.005587,0.011460,0.016637,0.024321,0.028542
785.00,0.005095,0.011785,0.016493,0.023832,0.028891
784.00,0.006572,0.011776,0.017072,0.023837,0.030888
783.00,0.003579,0.009550,0.015251,0.022343,0.029822
782.00,0.005352,0.010986,0.016865,0.022923,0.030179
781.00,0.005876,0.011006,0.018125,0.025336,0.031871
780.00,0.006994,0.013764,0.019955,0.027809,0.032925
779.00,0.004731,0.012508,0.018589,0.027379,0.032744
778.00,0.005363,0.012432,0.017266,0.026894,0.033063
777.00,0.006669,0.014028,0.019087,0.026827,0.033665
776.00,0.005786,0.013687,0.019885,0.027537,0.034707
775.00,0.005633,0.012777,0.020132,0.028039,0.033941
774.00,0.006487,0.013605,0.020433,0.028999,0.036799
773.00,0.006036,0.013668,0.020691,0.029822,0.036229
772.00,0.007059,0.014078,0.020021,0.030054,0.036265
771.00,0.006503,0.015139,0.022122,0.030387,0.038135
770.00,0.005560,0.013328,0.021214,0.029984,0.038781
769.00,0.006946,0.015020,0.021684,0.031193,0.039451
768.00,0.007717,0.015058,0.022909,0.031632,0.038979
767.00,0.008433,0.016300,0.023112,0.033018,0.041801
766.00,0.007289,0.016449,0.023537,0.032963,0.041613
765.00,0.008170,0.016612,0.025389,0.034724,0.043373
764.00,0.008219,0.016453,0.024449,0.034786,0.043471
763.00,0.009056,0.017458,0.025557,0.037208,0.044635
762.00,0.008812,0.017604,0.026128,0.036534,0.045334
761.00,0.008283,0.017363,0.026563,0.037441,0.045688
760.00,0.008041,0.017873,0.027437,0.037332,0.046583
759.00,0.008459,0.018551,0.027194,0.038336,0.046757
758.00,0.010283,0.021075,0.029202,0.040221,0.048669
757.00,0.010218,0.019618,0.028377,0.040210,0.048982
756.00,0.009508,0.019930,0.030206,0.041379,0.050358
755.00,0.009979,0.020184,0.030644,0.041934,0.049969
754.00,0.010688,0.021271,0.030825,0.042855,0.051866
753.00,0.010600,0.021525,0.030648,0.043741,0.053365
752.00,0.011179,0.022540,0.032078,0.045081,0.054938
751.00,0.011277,0.023482,0.032594,0.044819,0.055740
750.00,0.011032,0.022711,0.033645,0.046040,0.057242
749.00,0.009786,0.022184,0.032428,0.046453,0.056876
748.00,0.011122,0.023527,0.033782,0.047987,0.057450
747.00,0.012052,0.023402,0.034341,0.047892,0.058870
746.00,0.012848,0.025258,0.035913,0.049959,0.060909
745.00,0.012913,0.025297,0.037222,0.050229,0.062377
744.00,0.012919,0.025889,0.037523,0.051611,0.062467
743.00,0.012911,0.026971,0.038396,0.052313,0.063730
742.00,0.013742,0.027198,0.037789,0.053447,0.064905
741.00,0.013114,0.027895,0.040300,0.055453,0.066491
740.00,0.014672,0.027908,0.040174,0.056132,0.067155
739.00,0.014620,0.028675,0.041479,0.056254,0.068589
738.00,0.013505,0.028864,0.041618,0.057323,0.068694
737.00,0.015175,0.029968,0.043175,0.058716,0.071812
736.00,0.015653,0.031329,0.043639,0.060019,0.072560
735.00,0.015282,0.030824,0.044316,0.061731,0.073474
734.00,0.016251,0.032007,0.045537,0.060634,0.075360
733.00,0.015759,0.031503,0.045458,0.063592,0.076265
732.00,0.016298,0.033138,0.046618,0.064907,0.079332
731.00,0.017974,0.032998,0.048873,0.066156,0.079751
730.00,0.017054,0.034011,0.049286,0.067411,0.080527
729.00,0.017106,0.033578,0.050067,0.067350,0.081903
728.00,0.017204,0.035209,0.050968,0.068213,0.083028
727.00,0.018658,0.037012,0.052388,0.071654,0.085504
726.00,0.019520,0.037278,0.053266,0.072649,0.087401
725.00,0.018386,0.035541,0.053078,0.072571,0.086786
724.00,0.019583,0.037451,0.053797,0.074121,0.088947
723.00,0.020436,0.040303,0.056853,0.076397,0.092255
722.00,0.019737,0.039885,0.056776,0.077012,0.092419
721.00,0.020725,0.040238,0.057467,0.078028,0.093769
720.00,0.021418,0.041347,0.059837,0.079592,0.095283
719.00,0.021641,0.041888,0.059518,0.081008,0.097420
718.00,0.022267,0.042902,0.060671,0.083049,0.099630
717.00,0.023290,0.043915,0.062814,0.084518,0.101161
716.00,0.023441,0.045004,0.064047,0.086126,0.103206
715.00,0.022825,0.045948,0.064714,0.086993,0.104917
714.00,0.023997,0.046724,0.065695,0.088661,0.107200
713.00,0.024593,0.047525,0.066869,0.090543,0.108783
712.00,0.024409,0.048199,0.068267,0.091890,0.109660
711.00,0.024660,0.049430,0.069463,0.094288,0.112502
710.00,0.026201,0.050319,0.071009,0.095978,0.114055
709.00,0.026492,0.051268,0.072498,0.097411,0.116314
708.00,0.027401,0.052692,0.074127,0.099149,0.118008
707.00,0.027374,0.052779,0.074449,0.100182,0.119769
706.00,0.027922,0.053013,0.075692,0.102256,0.121489
705.00,0.028643,0.055361,0.078110,0.104616,0.123363
704.00,0.029326,0.055661,0.079243,0.106001,0.126794
703.00,0.029667,0.056116,0.080498,0.107369,0.127766
702.00,0.030305,0.057625,0.082183,0.109476,0.130636
701.00,0.030700,0.058780,0.083524,0.111675,0.132719
700.00,0.031504,0.059323,0.084402,0.112784,0.134945
699.00,0.031675,0.060852,0.085826,0.115037,0.136731
698.00,0.032268,0.061677,0.087111,0.116302,0.138521
697.00,0.032860,0.062817,0.088817,0.118120,0.141207
696.00,0.033617,0.064083,0.090586,0.120931,0.144184
695.00,0.033474,0.064612,0.091659,0.122339,0.145966
694.00,0.034620,0.066343,0.093928,0.125220,0.148825
693.00,0.035386,0.066859,0.094719,0.126491,0.150416
692.00,0.035859,0.067841,0.096893,0.128568,0.152753
691.00,0.036299,0.068428,0.097193,0.130557,0.154882
690.00,0.036330,0.069206,0.098730,0.132302,0.157169
689.00,0.036983,0.070524,0.099596,0.133908,0.159061
688.00,0.037952,0.071817,0.102035,0.136581,0.161793
687.00,0.038239,0.073055,0.102941,0.138177,0.164194
686.00,0.039169,0.074237,0.104933,0.140840,0.167042
685.00,0.039776,0.075239,0.106985,0.142401,0.170040
684.00,0.039595,0.075949,0.108084,0.144621,0.172094
683.00,0.040722,0.077525,0.110307,0.146401,0.174974
682.00,0.040933,0.078255,0.111307,0.149298,0.177180
681.00,0.041795,0.079684,0.113118,0.151846,0.179840
680.00,0.041974,0.081093,0.114874,0.153283,0.182608
679.00,0.043212,0.081718,0.116609,0.156156,0.185664
678.00,0.043271,0.083075,0.118298,0.158406,0.188608
677.00,0.043545,0.083938,0.119758,0.160458,0.191482
676.00,0.044538,0.085756,0.122146,0.163467,0.194607
675.00,0.044572,0.086661,0.123325,0.165539,0.197284
674.00,0.045244,0.087580,0.125201,0.167752,0.200202
673.00,0.045499,0.088371,0.127072,0.170203,0.202725
672.00,0.046823,0.090444,0.129465,0.173627,0.206749
671.00,0.047192,0.091116,0.130655,0.175679,0.209656
670.00,0.047590,0.093264,0.132825,0.178219,0.213351
669.00,0.047496,0.093322,0.133684,0.180627,0.215294
668.00,0.048911,0.095053,0.136518,0.183689,0.219783
667.00,0.049441,0.096070,0.138534,0.186174,0.223061
666.00,0.049586,0.097354,0.139773,0.189283,0.225349
665.00,0.050052,0.098345,0.142521,0.191827,0.228456
664.00,0.050792,0.099701,0.144537,0.195218,0.233017
663.00,0.051448,0.101625,0.146392,0.198256,0.236597
662.00,0.051597,0.102509,0.148187,0.200153,0.239756
661.00,0.052777,0.103881,0.150802,0.204337,0.244433
660.00,0.053632,0.105379,0.152920,0.207015,0.248027
659.00,0.053923,0.106984,0.154815,0.209792,0.251389
658.00,0.054005,0.107714,0.156348,0.212623,0.254283
657.00,0.054284,0.109802,0.159177,0.215379,0.257470
656.00,0.055915,0.111004,0.161478,0.219006,0.262520
655.00,0.055518,0.112226,0.163529,0.222037,0.265933
654.00,0.056848,0.112790,0.165524,0.226071,0.269997
653.00,0.057131,0.115042,0.167865,0.228509,0.274328
652.00,0.056978,0.115666,0.169466,0.231196,0.277858
651.00,0.058692,0.117601,0.172489,0.234811,0.282043
650.00,0.059189,0.119546,0.174858,0.238272,0.286046
649.00,0.059330,0.119999,0.176757,0.241129,0.289825
648.00,0.059798,0.121760,0.178559,0.244697,0.293892
647.00,0.061157,0.123603,0.181237,0.247912,0.298258
646.00,0.060328,0.124601,0.183592,0.251217,0.301578
645.00,0.061856,0.125655,0.186096,0.253834,0.306015
644.00,0.061916,0.127785,0.188187,0.258065,0.310472
643.00,0.063190,0.128862,0.190708,0.260625,0.314235
642.00,0.062748,0.130042,0.191144,0.263607,0.317485
641.00,0.062509,0.130622,0.193642,0.266184,0.321177
640.00,0.064211,0.131798,0.195894,0.269928,0.325046
639.00,0.064479,0.133862,0.198370,0.272460,0.328764
638.00,0.064551,0.134344,0.200352,0.275443,0.332678
637.00,0.064984,0.135762,0.202217,0.278201,0.336289
636.00,0.064877,0.136430,0.202636,0.281376,0.338661
635.00,0.066166,0.137655,0.205565,0.283715,0.343055
634.00,0.066434,0.138105,0.206955,0.285984,0.345441
633.00,0.066639,0.139453,0.208793,0.288175,0.349345
632.00,0.066193,0.140377,0.210421,0.291179,0.352501
631.00,0.066796,0.140788,0.210976,0.293110,0.354523
630.00,0.066909,0.141817,0.212381,0.294699,0.357113
629.00,0.067032,0.142301,0.213921,0.296213,0.360088
628.00,0.066602,0.142475,0.214367,0.298744,0.361785
627.00,0.067375,0.143552,0.215665,0.300503,0.363833
626.00,0.068099,0.144342,0.216648,0.302381,0.366192
625.00,0.067595,0.144228,0.218403,0.303782,0.369080
624.00,0.067915,0.144753,0.218779,0.305023,0.369951
623.00,0.067804,0.145186,0.219657,0.306546,0.372380
622.00,0.067595,0.146039,0.220473,0.307377,0.374216
621.00,0.067568,0.145699,0.220316,0.308069,0.375318
620.00,0.067975,0.146042,0.221474,0.309643,0.376478
619.00,0.067070,0.145482,0.220945,0.309125,0.377325
618.00,0.067611,0.145875,0.221631,0.310539,0.378186
617.00,0.067539,0.145621,0.221647,0.310730,0.378728
616.00,0.066778,0.145873,0.221717,0.311589,0.379457
615.00,0.067165,0.145408,0.221565,0.311901,0.380479
614.00,0.066873,0.145226,0.222012,0.312124,0.380769
613.00,0.066869,0.145011,0.221872,0.311351,0.381020
612.00,0.066804,0.145460,0.221855,0.312694,0.380906
611.00,0.066149,0.144797,0.221493,0.312035,0.381471
610.00,0.066091,0.143791,0.220907,0.311233,0.380594
609.00,0.065495,0.143645,0.220451,0.310723,0.380510
608.00,0.065435,0.143394,0.219509,0.310661,0.380158
607.00,0.064690,0.142825,0.219224,0.310321,0.379118
606.00,0.064734,0.142328,0.219017,0.309456,0.378691
605.00,0.064297,0.141563,0.217791,0.308447,0.377961
604.00,0.064176,0.140945,0.217288,0.307707,0.377503
603.00,0.063565,0.140146,0.216438,0.306517,0.375938
602.00,0.063529,0.139937,0.215897,0.305879,0.375211
601.00,0.062981,0.138305,0.214224,0.303611,0.373083
600.00,0.062977,0.138395,0.213795,0.303581,0.372828
599.00,0.062406,0.137636,0.213027,0.302224,0.370698
598.00,0.061412,0.136505,0.210909,0.299972,0.368764
597.00,0.061447,0.135873,0.210139,0.299188,0.367988
596.00,0.060869,0.135114,0.209385,0.297579,0.365598
595.00,0.060547,0.134139,0.207621,0.295149,0.363701
594.00,0.060315,0.133079,0.206139,0.293428,0.361345
593.00,0.059481,0.132093,0.204795,0.291848,0.359522
592.00,0.058725,0.130581,0.203079,0.289342,0.356333
591.00,0.058582,0.129692,0.202208,0.287843,0.354528
590.00,0.058397,0.129083,0.200164,0.285866,0.352215
589.00,0.058254,0.128542,0.198925,0.283907,0.349834
588.00,0.057078,0.126573,0.196793,0.281075,0.346079
587.00,0.056808,0.125766,0.195238,0.278870,0.343783
586.00,0.055745,0.124778,0.193204,0.276137,0.339729
585.00,0.055525,0.123670,0.191487,0.273184,0.337147
584.00,0.054866,0.122331,0.188879,0.270139,0.333390
583.00,0.053955,0.120732,0.187412,0.267722,0.330751
582.00,0.053927,0.119549,0.185802,0.265289,0.326995
581.00,0.053151,0.118530,0.183938,0.262388,0.323846
580.00,0.052484,0.117175,0.182105,0.259830,0.320050
579.00,0.051915,0.115429,0.179445,0.256555,0.316758
578.00,0.051565,0.114679,0.177572,0.253881,0.312651
577.00,0.050866,0.112494,0.175093,0.250189,0.308967
576.00,0.049959,0.111466,0.172866,0.247517,0.305067
575.00,0.049647,0.110059,0.171286,0.244063,0.301126
574.00,0.048982,0.108565,0.168274,0.240585,0.297014
573.00,0.048578,0.107458,0.166319,0.237379,0.292624
572.00,0.047840,0.105930,0.164117,0.234465,0.289147
571.00,0.047416,0.104657,0.162056,0.231781,0.285193
570.00,0.046409,0.102753,0.159294,0.227583,0.280602
569.00,0.045898,0.101415,0.157141,0.224389,0.276876
568.00,0.045157,0.100325,0.154520,0.220664,0.272538
567.00,0.044384,0.098489,0.152194,0.217350,0.268097
566.00,0.044022,0.096963,0.150008,0.213788,0.263916
565.00,0.043508,0.095593,0.147948,0.210690,0.259569
564.00,0.042786,0.094252,0.145205,0.207166,0.255437
563.00,0.042093,0.092473,0.143108,0.204180,0.251110
562.00,0.041300,0.091414,0.140694,0.200489,0.246988
561.00,0.041143,0.089420,0.138427,0.197334,0.242848
560.00,0.040209,0.088080,0.135905,0.193574,0.238847
559.00,0.039575,0.086953,0.133733,0.190334,0.234809
558.00,0.039022,0.085254,0.131411,0.187304,0.230725
557.00,0.038429,0.084165,0.129624,0.184150,0.227113
556.00,0.037956,0.082635,0.127010,0.180506,0.222502
555.00,0.037333,0.081401,0.124790,0.177475,0.218409
554.00,0.036580,0.079562,0.122209,0.174374,0.214424
553.00,0.035924,0.078620,0.120750,0.171503,0.211133
552.00,0.035398,0.076685,0.118185,0.167962,0.206867
551.00,0.034731,0.075715,0.115818,0.164933,0.203052
550.00,0.034012,0.074281,0.113741,0.162190,0.199466
549.00,0.033699,0.073312,0.111909,0.159244,0.195878
548.00,0.033233,0.071623,0.109866,0.155927,0.192278
547.00,0.032490,0.070703,0.108439,0.153705,0.189124
546.00,0.032164,0.069701,0.106154,0.150870,0.185481
545.00,0.031585,0.068398,0.104412,0.147810,0.181828
544.00,0.030914,0.066982,0.102322,0.145051,0.178499
543.00,0.030541,0.065885,0.100300,0.142301,0.175267
542.00,0.030093,0.064801,0.098861,0.139936,0.172103
541.00,0.029491,0.063625,0.097037,0.137371,0.169131
540.00,0.028802,0.062278,0.095060,0.134650,0.165222
539.00,0.028390,0.061151,0.093162,0.132008,0.162434
538.00,0.028121,0.060398,0.091478,0.129597,0.159303
537.00,0.027426,0.059121,0.089778,0.127162,0.156302
536.00,0.027078,0.057894,0.088166,0.125042,0.153767
535.00,0.026550,0.057158,0.086803,0.122727,0.150783
534.00,0.026028,0.056035,0.085020,0.120318,0.148035
533.00,0.025607,0.055156,0.083414,0.118094,0.145346
532.00,0.025383,0.053988,0.082108,0.116040,0.142479
531.00,0.024786,0.053095,0.080266,0.113706,0.139692
530.00,0.024277,0.052165,0.079184,0.111856,0.137563
529.00,0.024008,0.051367,0.077673,0.109671,0.134938
528.00,0.023609,0.050379,0.076204,0.107858,0.132672
527.00,0.023235,0.049464,0.074901,0.105836,0.129947
526.00,0.022814,0.048626,0.073581,0.103960,0.127765
525.00,0.022883,0.048222,0.072774,0.102434,0.125907
524.00,0.022382,0.047267,0.071334,0.100768,0.123842
523.00,0.021930,0.046825,0.070315,0.098987,0.121812
522.00,0.021619,0.045631,0.068821,0.097112,0.119519
521.00,0.020911,0.044828,0.067513,0.095195,0.117318
520.00,0.020554,0.044085,0.066344,0.093852,0.115215
519.00,0.020418,0.043572,0.065469,0.092497,0.113790
518.00,0.020238,0.042928,0.064300,0.090839,0.111645
517.00,0.019997,0.041982,0.063471,0.089687,0.110460
516.00,0.019570,0.041613,0.062293,0.088152,0.108582
515.00,0.019141,0.040840,0.061530,0.086972,0.106985
514.00,0.019036,0.040336,0.060706,0.085830,0.105676
513.00,0.018679,0.039900,0.060083,0.084647,0.104367
512.00,0.018440,0.039433,0.059235,0.083567,0.102909
511.00,0.018316,0.038892,0.058516,0.082776,0.101886
510.00,0.017737,0.038113,0.057430,0.081405,0.100366
509.00,0.017669,0.037716,0.056863,0.080410,0.099075
508.00,0.017416,0.037443,0.056245,0.079425,0.097958
507.00,0.017043,0.036922,0.055574,0.078900,0.097079
506.00,0.017116,0.036550,0.055161,0.078007,0.096165
505.00,0.016867,0.036357,0.054559,0.077398,0.095498
504.00,0.017152,0.036206,0.054281,0.076937,0.095046
503.00,0.016703,0.035404,0.053731,0.076055,0.094015
502.00,0.016287,0.034871,0.052991,0.075357,0.093040
501.00,0.016235,0.035184,0.052789,0.075223,0.093011
500.00,0.016077,0.034755,0.052438,0.074303,0.092021
499.00,0.015876,0.034310,0.052069,0.074179,0.091627
498.00,0.015905,0.034362,0.051958,0.073841,0.091714
497.00,0.015787,0.034087,0.051829,0.073692,0.091369
496.00,0.015746,0.034085,0.051464,0.073449,0.090891
495.00,0.015482,0.033708,0.051144,0.073091,0.090423
494.00,0.015442,0.033616,0.050962,0.072990,0.090228
493.00,0.015422,0.033473,0.050933,0.072783,0.090192
492.00,0.015153,0.033229,0.050653,0.072408,0.089874
491.00,0.015242,0.033433,0.050717,0.072618,0.090230
490.00,0.015271,0.033383,0.050715,0.072577,0.089957
489.00,0.015017,0.032965,0.050349,0.072252,0.089404
488.00,0.014969,0.033011,0.050441,0.072219,0.089705
487.00,0.015048,0.032999,0.050507,0.072402,0.089764
486.00,0.015089,0.033145,0.050489,0.072259,0.089846
485.00,0.014896,0.032980,0.050358,0.072094,0.089682
484.00,0.014923,0.032913,0.050328,0.072245,0.089717
483.00,0.015024,0.033116,0.050540,0.072358,0.090004
482.00,0.014920,0.033056,0.050512,0.072410,0.089972
481.00,0.014772,0.032779,0.050164,0.072071,0.089657
480.00,0.014830,0.032815,0.050321,0.072231,0.089961
479.00,0.014754,0.032831,0.050433,0.072387,0.090187
478.00,0.014748,0.032989,0.050432,0.072495,0.090117
477.00,0.014863,0.032851,0.050454,0.072722,0.090427
476.00,0.014812,0.032902,0.050565,0.072619,0.090489
475.00,0.014715,0.032764,0.050415,0.072745,0.090505
474.00,0.014819,0.033123,0.050610,0.072836,0.090801
473.00,0.014777,0.033069,0.050730,0.073086,0.090962
472.00,0.014864,0.033051,0.050685,0.073057,0.091061
471.00,0.014793,0.033162,0.051069,0.073266,0.091326
470.00,0.015054,0.033301,0.051041,0.073512,0.091586
469.00,0.014989,0.033177,0.051131,0.073444,0.091696
468.00,0.014894,0.033403,0.051102,0.073859,0.092201
467.00,0.015047,0.033368,0.051298,0.073997,0.092075
466.00,0.015018,0.033450,0.051296,0.074028,0.092156
465.00,0.015043,0.033448,0.051554,0.074093,0.092425
464.00,0.015026,0.033546,0.051530,0.074345,0.092445
463.00,0.015166,0.033694,0.051582,0.074354,0.092604
462.00,0.015041,0.033550,0.051394,0.074059,0.092199
461.00,0.015155,0.033565,0.051735,0.074233,0.092433
460.00,0.015259,0.033814,0.051780,0.074398,0.092598
459.00,0.015202,0.033712,0.051617,0.074319,0.092403
458.00,0.015288,0.033862,0.051872,0.074673,0.092879
457.00,0.015281,0.033849,0.051807,0.074596,0.092554
456.00,0.015500,0.033971,0.051927,0.074397,0.092501
455.00,0.015440,0.033906,0.051941,0.074558,0.092578
454.00,0.015378,0.033822,0.051572,0.074286,0.092142
453.00,0.015079,0.033652,0.051610,0.074055,0.092035
452.00,0.015265,0.033736,0.051482,0.073971,0.091834
451.00,0.015335,0.033748,0.051695,0.074019,0.091921
450.00,0.015144,0.033652,0.051451,0.073725,0.091568
449.00,0.015266,0.033743,0.051525,0.073796,0.091582
448.00,0.015349,0.033922,0.051609,0.074003,0.091760
447.00,0.015230,0.033709,0.051503,0.073802,0.091751
446.00,0.015146,0.033700,0.051283,0.073615,0.091465
445.00,0.015427,0.033807,0.051500,0.073687,0.091457
444.00,0.015548,0.033951,0.051604,0.074023,0.091614
443.00,0.015542,0.033890,0.051502,0.074035,0.091648
442.00,0.015330,0.033687,0.051437,0.073764,0.091409
441.00,0.015619,0.033908,0.051663,0.073856,0.091675
440.00,0.015660,0.033965,0.051890,0.073965,0.091905
439.00,0.015573,0.034102,0.051798,0.074315,0.092235
438.00,0.015715,0.034215,0.052045,0.074498,0.092332
437.00,0.015682,0.034358,0.052114,0.074573,0.092546
436.00,0.015718,0.034445,0.052437,0.074892,0.092793
435.00,0.015960,0.034642,0.052444,0.075209,0.093276
434.00,0.016038,0.034770,0.052903,0.075681,0.093696
433.00,0.015986,0.034810,0.053015,0.075937,0.093983
432.00,0.016084,0.034933,0.053225,0.076059,0.094376
431.00,0.016032,0.035300,0.053491,0.076634,0.095012
430.00,0.016359,0.035510,0.053987,0.077081,0.095544
429.00,0.016207,0.035550,0.054083,0.077452,0.095922
428.00,0.016536,0.035817,0.054394,0.078032,0.096552
427.00,0.016456,0.035978,0.054740,0.078269,0.097193
426.00,0.016416,0.036150,0.055142,0.079039,0.097715
425.00,0.016695,0.036693,0.055580,0.079818,0.098759
424.00,0.017073,0.037016,0.056125,0.080433,0.099490
423.00,0.017270,0.037287,0.056721,0.081010,0.100264
422.00,0.017029,0.037590,0.057060,0.081739,0.101251
421.00,0.017381,0.037997,0.057949,0.082755,0.102385
420.00,0.017670,0.038387,0.058320,0.083497,0.103359
419.00,0.018031,0.038952,0.059279,0.084577,0.104432
418.00,0.017994,0.039279,0.059731,0.085357,0.105515
417.00,0.018052,0.039444,0.060047,0.086092,0.106335
416.00,0.018539,0.040284,0.060848,0.087161,0.107764
415.00,0.018614,0.040764,0.061917,0.088140,0.109081
414.00,0.019045,0.041240,0.062463,0.089282,0.110363
413.00,0.019392,0.041603,0.063104,0.090305,0.111103
412.00,0.019290,0.042112,0.063980,0.091048,0.112811
411.00,0.019588,0.042319,0.064539,0.091758,0.113609
410.00,0.019416,0.042435,0.064948,0.092275,0.114416
409.00,0.019599,0.042917,0.065685,0.093783,0.115491
408.00,0.020010,0.043513,0.066242,0.094110,0.116616
407.00,0.020306,0.043956,0.066967,0.095599,0.118180
406.00,0.020175,0.044307,0.067300,0.096338,0.119155
405.00,0.020543,0.044565,0.068027,0.096911,0.119769
404.00,0.020517,0.044814,0.068458,0.097695,0.120686
403.00,0.020581,0.045338,0.068691,0.098102,0.121248
402.00,0.020950,0.045546,0.069781,0.099060,0.122683
401.00,0.020871,0.045800,0.069796,0.099645,0.123015
400.00,0.021474,0.046470,0.070352,0.100260,0.123775
399.00,0.021238,0.046212,0.070471,0.100436,0.123970
398.00,0.021112,0.046140,0.070480,0.100642,0.124445
397.00,0.021393,0.046636,0.070549,0.101323,0.124895
396.00,0.021545,0.046867,0.071252,0.101082,0.125318
395.00,0.021364,0.046626,0.071079,0.101755,0.125695
394.00,0.021613,0.046973,0.071518,0.102134,0.125781
393.00,0.021276,0.046889,0.071766,0.101909,0.126366
392.00,0.021478,0.047098,0.071489,0.101885,0.126176
391.00,0.021144,0.046439,0.071256,0.101598,0.125590
390.00,0.021396,0.046881,0.071356,0.101766,0.125964
389.00,0.021538,0.047024,0.071635,0.101917,0.125952
388.00,0.021477,0.047036,0.071301,0.101875,0.125452
387.00,0.021291,0.046667,0.070909,0.100974,0.125003
386.00,0.021313,0.046611,0.070790,0.100923,0.124570
385.00,0.021188,0.046410,0.070599,0.100491,0.123955
384.00,0.021293,0.046113,0.070302,0.100279,0.123747
383.00,0.021320,0.045962,0.070062,0.099340,0.122875
382.00,0.021066,0.045566,0.069254,0.098997,0.122218
381.00,0.021028,0.045461,0.069410,0.098852,0.121640
380.00,0.020692,0.045278,0.068874,0.098379,0.120850
379.00,0.020812,0.045268,0.068668,0.097488,0.120499
378.00,0.020649,0.044888,0.067992,0.096855,0.119619
377.00,0.020217,0.044378,0.067187,0.096302,0.118784
376.00,0.020036,0.044358,0.066632,0.095003,0.117718
375.00,0.020688,0.043932,0.066342,0.094995,0.117049
374.00,0.019904,0.043606,0.066042,0.093774,0.115457
373.00,0.019878,0.043501,0.065790,0.093704,0.115264
372.00,0.019678,0.042995,0.064832,0.092629,0.114285
371.00,0.019603,0.042521,0.064230,0.091382,0.112919
370.00,0.019189,0.042095,0.063403,0.090620,0.112099
369.00,0.019420,0.041943,0.063527,0.090236,0.111679
368.00,0.019058,0.041487,0.062584,0.089843,0.110350
367.00,0.018562,0.041215,0.061394,0.088588,0.109146
366.00,0.018343,0.040246,0.061713,0.087737,0.108526
365.00,0.018430,0.040387,0.060935,0.087118,0.107515
364.00,0.018557,0.040148,0.060437,0.086358,0.107101
363.00,0.018199,0.039759,0.059888,0.085584,0.105630
362.00,0.017977,0.039451,0.059401,0.085127,0.105301
361.00,0.017947,0.039149,0.059123,0.084546,0.104515
360.00,0.018093,0.038805,0.058565,0.083583,0.103357
359.00,0.017807,0.038503,0.058314,0.083066,0.102734
358.00,0.017583,0.038454,0.057913,0.082427,0.102079
357.00,0.017354,0.037764,0.057205,0.081370,0.100962
356.00,0.017337,0.037516,0.056480,0.080886,0.099917
355.00,0.017142,0.037517,0.056291,0.080112,0.099318
354.00,0.017375,0.036784,0.055661,0.079623,0.098632
353.00,0.017044,0.037059,0.055770,0.079639,0.098396
352.00,0.016357,0.036175,0.054459,0.078214,0.096733
351.00,0.016484,0.036641,0.054517,0.077670,0.096205
350.00,0.016202,0.035764,0.053582,0.077228,0.095551
349.00,0.016722,0.035207,0.053627,0.076607,0.094439
348.00,0.015767,0.035290,0.052989,0.075732,0.094120
347.00,0.016430,0.035301,0.052940,0.075344,0.093681
346.00,0.016137,0.035214,0.052723,0.075294,0.093706
345.00,0.015702,0.034729,0.051877,0.074224,0.092237
344.00,0.016287,0.035015,0.052569,0.074992,0.092919
343.00,0.016002,0.034755,0.051763,0.074462,0.091964
342.00,0.015455,0.034123,0.051485,0.073787,0.091378
341.00,0.015301,0.034062,0.051136,0.073402,0.091719
340.00,0.015303,0.033846,0.051339,0.073317,0.090463
339.00,0.016061,0.034396,0.051515,0.073725,0.091146
338.00,0.015445,0.034310,0.051807,0.073701,0.091326
337.00,0.015658,0.033938,0.051660,0.073128,0.091176
336.00,0.016009,0.034558,0.052158,0.073980,0.091962
335.00,0.015959,0.034492,0.051757,0.073790,0.091235
334.00,0.015787,0.034481,0.051904,0.074216,0.091624
333.00,0.015968,0.034536,0.051902,0.074228,0.092545
332.00,0.015890,0.034953,0.052286,0.074483,0.092423
331.00,0.016205,0.035025,0.052232,0.075414,0.092878
330.00,0.016620,0.035654,0.053453,0.076281,0.094255
329.00,0.016369,0.035805,0.053544,0.076698,0.094997
328.00,0.016858,0.036020,0.054218,0.077607,0.096041
327.00,0.016966,0.036712,0.055006,0.078510,0.097381
326.00,0.017230,0.036999,0.055564,0.079654,0.098612
325.00,0.017510,0.037428,0.056690,0.080828,0.100176
324.00,0.017418,0.038048,0.057279,0.082033,0.101866
323.00,0.017930,0.038855,0.058526,0.083694,0.103693
322.00,0.018463,0.039890,0.059876,0.085807,0.106370
321.00,0.018689,0.040537,0.061352,0.087494,0.108469
320.00,0.019337,0.041300,0.062581,0.089522,0.110985
319.00,0.019526,0.042209,0.063809,0.091755,0.113777
318.00,0.019943,0.043583,0.065796,0.094119,0.116559
317.00,0.020479,0.044656,0.067796,0.097035,0.119980
316.00,0.020995,0.045997,0.069655,0.099726,0.123650
315.00,0.021760,0.047284,0.071795,0.102522,0.126897
314.00,0.022238,0.048575,0.073872,0.105477,0.130863
313.00,0.023166,0.050237,0.076255,0.108979,0.134962
312.00,0.023575,0.051736,0.078420,0.112102,0.138906
311.00,0.024577,0.053437,0.081278,0.116020,0.143547
310.00,0.025401,0.055086,0.083851,0.119414,0.148092
309.00,0.026099,0.056755,0.086325,0.123091,0.152244
308.00,0.026915,0.058173,0.088907,0.126457,0.156436
307.00,0.027547,0.060097,0.091417,0.130271,0.161095
306.00,0.028376,0.061868,0.094136,0.134166,0.165773
305.00,0.029266,0.063608,0.096930,0.138209,0.170329
304.00,0.030021,0.065334,0.099663,0.141828,0.175017
303.00,0.031145,0.067303,0.102611,0.145907,0.180195
302.00,0.031907,0.069129,0.105041,0.149482,0.184534
301.00,0.032822,0.071129,0.107930,0.153435,0.189328
300.00,0.033434,0.072736,0.110811,0.157601,0.194468
299.00,0.034776,0.074820,0.114153,0.162202,0.200193
298.00,0.035368,0.076723,0.117089,0.166111,0.204733
297.00,0.035977,0.078564,0.119757,0.170033,0.209626
296.00,0.036910,0.080803,0.122760,0.174429,0.214916
295.00,0.037806,0.082136,0.125059,0.178008,0.219182
294.00,0.039018,0.084122,0.128259,0.181962,0.224244
293.00,0.039449,0.086069,0.131183,0.186071,0.229350
292.00,0.040472,0.087669,0.133533,0.189461,0.233379
291.00,0.041026,0.088774,0.135174,0.192223,0.236633
290.00,0.041187,0.090082,0.137266,0.194702,0.239939
289.00,0.041902,0.090865,0.138528,0.196817,0.242232
288.00,0.042268,0.091746,0.140029,0.198718,0.244547
287.00,0.042636,0.092587,0.140618,0.199526,0.245467
286.00,0.042826,0.092362,0.140859,0.199740,0.245673
285.00,0.042811,0.092436,0.140853,0.199573,0.245498
284.00,0.042694,0.092133,0.140448,0.198945,0.244845
283.00,0.042343,0.091833,0.139623,0.197439,0.243400
282.00,0.042176,0.090737,0.138155,0.195735,0.240851
281.00,0.041293,0.089278,0.136013,0.192837,0.237605
280.00,0.040807,0.088289,0.134286,0.190386,0.234093
279.00,0.040000,0.086628,0.131770,0.186809,0.230127
278.00,0.039352,0.085032,0.129347,0.183569,0.226178
277.00,0.038740,0.083247,0.126797,0.179932,0.221645
276.00,0.037434,0.081453,0.123767,0.176008,0.216919
275.00,0.036754,0.079480,0.121157,0.172028,0.212134
274.00,0.036091,0.078019,0.118337,0.168251,0.207578
273.00,0.034848,0.076139,0.115443,0.164584,0.202953
272.00,0.034566,0.074810,0.113892,0.161642,0.199626
271.00,0.033413,0.072497,0.110585,0.157344,0.194386
270.00,0.032621,0.070833,0.107790,0.153613,0.189877
269.00,0.031977,0.069101,0.105699,0.150307,0.185832
268.00,0.030900,0.067483,0.102788,0.146694,0.181407
267.00,0.030035,0.066153,0.100889,0.144019,0.178167
266.00,0.029764,0.065134,0.099127,0.141433,0.175036
265.00,0.029365,0.063693,0.097043,0.138448,0.171455
264.00,0.028293,0.062108,0.094688,0.135221,0.167508
263.00,0.027823,0.061027,0.092936,0.132828,0.164525
262.00,0.027434,0.060123,0.091304,0.130559,0.161732
261.00,0.027423,0.059497,0.090134,0.129074,0.159883
260.00,0.026663,0.058535,0.088525,0.126646,0.157001
259.00,0.026402,0.057565,0.087138,0.124534,0.154368
258.00,0.025905,0.056957,0.085885,0.122591,0.152084
257.00,0.025257,0.055618,0.083947,0.119979,0.149275
256.00,0.024445,0.054483,0.082286,0.117756,0.145860
255.00,0.023979,0.053506,0.080169,0.115105,0.142649
254.00,0.022617,0.050932,0.076876,0.110572,0.138042
253.00,0.023420,0.051937,0.076859,0.109219,0.136912
252.00,0.019196,0.047279,0.071150,0.102623,0.130639
251.00,0.018471,0.039947,0.071100,0.097613,0.122345
250.00,0.022587,0.056775,0.089078,0.112467,0.113462
249.00,0.019598,0.080550,0.108466,0.109360,0.150726
248.00,-0.001998,0.037639,0.058884,0.117292,0.121300
247.00,0.068040,0.096856,0.073342,0.169179,0.188054
246.00,0.098020,0.059070,0.137878,0.103841,0.165196
245.00,0.128314,0.102536,0.097840,0.125197,0.317524
244.00,0.027078,-0.021391,-0.011535,0.124450,0.145188
243.00,0.002748,-0.032350,0.040968,0.049042,0.120757
242.00,0.031124,0.095080,0.042319,0.199185,0.181298
241.00,-0.039622,-0.037527,-0.005522,0.026207,0.160264
240.00,0.004845,0.077409,0.179511,0.093056,0.191513
239.00,-0.016906,-0.004785,0.076154,0.095770,0.207894
238.00,-0.015154,0.088806,0.082738,0.130893,0.194325
237.00,-0.138668,-0.032036,-0.081524,0.181179,0.002057
236.00,-0.031263,-0.013388,0.125470,0.089338,0.214902
235.00,-0.025275,0.072560,0.142668,0.030526,0.125051
234.00,0.021346,0.059282,0.107122,0.096765,0.276504
233.00,-0.085085,0.145950,-0.041789,0.170283,0.063574
232.00,0.083702,0.151532,0.190633,0.152415,0.171361
231.00,0.003836,-0.043487,0.127516,0.177808,0.295059
230.00,-0.058378,-0.012751,-0.112599,-0.045977,0.122914
229.00,0.094258,-0.014943,0.064209,0.136337,0.085293
228.00,0.140594,0.081527,0.084836,0.110106,0.257083
227.00,-0.144193,-0.164480,-0.028710,0.015036,0.316452
226.00,-0.083366,-0.047034,0.127012,0.069955,0.347643
225.00,-0.020563,0.060922,0.054518,0.134610,0.250084
224.00,-0.042431,0.008842,-0.002492,0.209738,0.077791
223.00,0.017493,0.133698,0.210632,0.107980,0.053477
222.00,0.027637,0.120296,0.119471,-0.001066,0.161481
221.00,0.009925,0.012852,0.022952,0.146541,0.207933
220.00,-0.013519,-0.023926,-0.018629,0.171328,0.203597
219.00,0.011922,-0.115170,-0.069590,0.024003,-0.058387
218.00,-0.001719,-0.067027,0.007262,0.021186,0.258488
217.00,-0.059563,0.162297,-0.085870,0.087115,0.005330
216.00,0.093765,0.192162,0.101324,0.288289,0.276632
215.00,-0.143356,0.021298,-0.012049,0.067378,-0.081917
214.00,0.038932,0.073508,0.067758,0.284253,0.092018
213.00,0.245291,0.206976,0.288655,0.224481,0.208840
212.00,0.268487,0.068609,0.095276,0.108506,0.169818
211.00,-0.175751,-0.123052,0.064576,0.206098,-0.022510
210.00,0.302094,0.208474,0.129507,0.399723,0.381130
209.00,0.006952,0.128081,0.146678,0.048294,0.139920
208.00,-0.025401,0.107231,0.050142,-0.107282,0.016840
207.00,0.080100,0.130949,0.114434,0.262224,0.321665
206.00,0.158235,0.150893,-0.002205,0.271170,0.262962
205.00,0.035844,0.058609,0.069593,0.067737,0.148311
204.00,0.247292,0.102571,0.132038,0.017821,0.181873
203.00,0.103023,-0.084890,-0.042173,0.098274,0.143824
202.00,0.052219,0.118378,0.092388,0.220234,0.136001
201.00,0.215953,0.104889,0.201808,0.240798,0.255896
200.00,0.112083,0.121002,0.185321,0.190630,0.309497
